

CREATE TABLE `employees` (
  `idEmployee` int(11) NOT NULL AUTO_INCREMENT,
  `name` varchar(255) NOT NULL,
  `tel` varchar(255) NOT NULL,
  `acceptanceDate` date NOT NULL,
  `dismissalDate` date DEFAULT NULL,
  PRIMARY KEY (`idEmployee`),
  FULLTEXT KEY `SEARCH` (`name`,`tel`)
) ENGINE=InnoDB AUTO_INCREMENT=45 DEFAULT CHARSET=utf8;


INSERT INTO employees VALUES
("1","Соколов Никита Дмитриевич","79178424365","2018-03-22",""),
("2","Селиверстова Марина Eвгеньевна","79999999999","2020-05-02",""),
("3","Лев Николаевич Толстой","79999999999","2020-05-07",""),
("4","Александр Сергеевич Пушкин","79999999995","2019-09-11","2020-05-11"),
("5","Сорокин Афанасий Арсеньевич","79999999999","2019-12-17",""),
("6","Исаев Игнатий Максович","79999999999","2019-12-27",""),
("7","Карпов Илья Донатович","79178424365","2019-11-18",""),
("8","Титов Евдоким Митрофанович","79999999999","2019-06-19","2020-02-25"),
("9","Родионов Савелий Онисимович","79999999999","2019-10-22","2020-03-14"),
("10","Пономарёв Олег Парфеньевич","79999999999","2020-01-17",""),
("11","Смирнов Альфред Якунович","79999999999","2020-03-18",""),
("12","Беляков Григорий Арсеньевич","79999999999","2019-03-08",""),
("13","Королёв Валерий Михаилович","79999999999","2019-10-09",""),
("14","Фомин Петр Филиппович","79999999999","2019-09-17",""),
("15","Константинова Гера Германовна","79999999999","2019-08-20",""),
("17","Васильева Харита Максимовна","79999999999","2020-01-15",""),
("18","Третьякова Злата Андреевна","79999999999","2020-02-17",""),
("20","Зиновьева Нора Демьяновна","79999999999","2019-10-22",""),
("21","Тарасова Лиана Пантелеймоновна","79999999999","2019-12-18",""),
("22","Дмитриев Даниил Геннадиевич","79999999999","2019-12-18",""),
("23","Мартынов Леонид Вениаминович","79999999999","2019-11-06",""),
("24","Бирюков Иосиф Пётрович","79999999999","2020-01-13",""),
("25","Колесников Владлен Евсеевич","79999999999","2019-03-21",""),
("26","Беспалов Казимир Давидович","79999999999","2019-08-06",""),
("27","Яковлев Ермолай Феликсович","79999999999","2020-02-19",""),
("28","Мартынов Гордей Оскарович","79999999999","2019-11-01",""),
("29","Никифоров Денис Федорович","79999999999","2020-04-28",""),
("30","Орлов Эрик Анатольевич","79999999999","2020-04-02",""),
("32","Владимиров Моисей Станиславович","79999999999","2018-10-10",""),
("33","Сорокина Полианна Иосифовна","79999999999","2018-09-05",""),
("34","Юдин Иван Ярославович","79999999999","2019-12-01",""),
("40","Соколов Никита Дмитриевич","79178424365","2020-02-09","2020-05-09");




CREATE TABLE `inaguration` (
  `idInaguration` int(11) NOT NULL AUTO_INCREMENT,
  `idEmployee` int(11) NOT NULL,
  `idPost` int(11) NOT NULL,
  `inagurationDate` date NOT NULL,
  PRIMARY KEY (`idInaguration`),
  KEY `inauguration_fk0` (`idEmployee`),
  KEY `inauguration_fk1` (`idPost`),
  CONSTRAINT `inauguration_fk0` FOREIGN KEY (`idEmployee`) REFERENCES `employees` (`idEmployee`),
  CONSTRAINT `inauguration_fk1` FOREIGN KEY (`idPost`) REFERENCES `posts` (`idPost`)
) ENGINE=InnoDB AUTO_INCREMENT=26 DEFAULT CHARSET=utf8;


INSERT INTO inaguration VALUES
("1","1","1","2018-03-20"),
("2","2","30","2020-05-05"),
("3","32","31","2020-02-12"),
("4","17","31","2020-02-12"),
("7","12","17","2020-04-07"),
("8","12","18","2020-05-12"),
("9","26","7","2019-08-06"),
("10","26","8","2019-12-06"),
("11","20","3","2019-10-22"),
("12","6","10","2019-12-27"),
("13","6","11","2020-03-29"),
("14","7","19","2019-11-18"),
("16","7","20","2020-02-20"),
("17","25","21","2019-03-21"),
("18","15","9","2019-08-20"),
("19","5","15","2019-12-17"),
("20","40","1","2020-06-09"),
("21","3","27","2019-05-07"),
("22","8","31","2019-06-19"),
("23","4","4","2019-09-11"),
("24","13","30","2018-10-09"),
("25","18","30","2020-02-17");




CREATE TABLE `posts` (
  `idPost` int(11) NOT NULL AUTO_INCREMENT,
  `postName` varchar(255) NOT NULL,
  `salary` int(11) NOT NULL,
  PRIMARY KEY (`idPost`),
  FULLTEXT KEY `postName` (`postName`)
) ENGINE=InnoDB AUTO_INCREMENT=33 DEFAULT CHARSET=utf8;


INSERT INTO posts VALUES
("1","Исполнительный директор","230000"),
("2","Тестировщик","25000"),
("3","Контент-менеджер","30000"),
("4","Системный аналитик (Junior)","50000"),
("5","Системный аналитик (Middle)","82000"),
("6","Системный аналитик (Senior)","110000"),
("7","SEO-специалист (Junior)","35000"),
("8","SEO-специалист (Middle)","78000"),
("9","SEO-специалист (Senior)","110000"),
("10","Программист PHP (Junior)","30000"),
("11","Программист PHP (Middle)","60000"),
("12","Программист PHP (Senior)","105000"),
("13","Web-дизайнер (Junior)","30000"),
("14","Web-дизайнер (Middle)","55000"),
("15","Web-дизайнер (Senior)","80000"),
("16","HTML-верстальщик (Junior)","24000"),
("17","HTML-верстальщик (Middle)","45000"),
("18","HTML-верстальщик (Senior)","75000"),
("19","Программист React (Junior)","45000"),
("20","Программист React (Middle)","90000"),
("21","Программист React (Senior)","150000"),
("22","Программист Python (Junior)","36000"),
("23","Программист Python (Middle)","72000"),
("24","Программист Python (Senior)","135000"),
("25","Менеджер-проектов (Junior)","30000"),
("26","Менеджер-проектов (Middle)","60000"),
("27","Менеджер-проектов (Senior)","90000"),
("30","Работник отдела кадров","25000"),
("31","Обслуживающий персонал","20000");




CREATE TABLE `userGroups` (
  `idGroup` int(11) NOT NULL AUTO_INCREMENT,
  `groupName` varchar(255) NOT NULL,
  PRIMARY KEY (`idGroup`)
) ENGINE=InnoDB AUTO_INCREMENT=5 DEFAULT CHARSET=utf8;


INSERT INTO userGroups VALUES
("1","Администратор"),
("2","Работник отдела кадров"),
("3","Директор"),
("4","Пользователь");




CREATE TABLE `users` (
  `idUser` int(11) NOT NULL AUTO_INCREMENT,
  `login` varchar(255) NOT NULL,
  `email` varchar(255) NOT NULL,
  `password` varchar(255) NOT NULL,
  `idGroup` int(11) NOT NULL DEFAULT 4,
  PRIMARY KEY (`idUser`),
  KEY `users_fk0` (`idGroup`) USING BTREE,
  FULLTEXT KEY `SEARCH` (`login`,`email`),
  CONSTRAINT `users_fk0` FOREIGN KEY (`idGroup`) REFERENCES `userGroups` (`idGroup`) ON DELETE CASCADE ON UPDATE CASCADE
) ENGINE=InnoDB AUTO_INCREMENT=37 DEFAULT CHARSET=utf8;


INSERT INTO users VALUES
("1","admin","mr.sokolov199@gmail.com","$2y$10$VKW7aoDLpTa0PVtTywPmW.GVEYi86Ma3KRK6mQ7TH/AVOliwJZV62","1"),
("33","login","mr.sokolov99@gmail.com","$2y$10$C/iZh3ILx8o0/GVlxK7ciOUstKUEHRuBB.A5yk3JLyPwamxnzlBKS","2"),
("35","director","mail3@mail.ru","$2y$10$OSfjoERah5t2CYRjIO.Dru59DqS2.joBZEsgaET1vivDmEtX.XImm","3"),
("36","user","mr.sokolov9932@gmail.com","user","4");


